{"CAM_POS_LAST":[-4.046136856079102,1.263939619064331,2.127736806869507],"CAM_ROT_LAST":[-14.78219985961914,-27.643049240112305,0.0],"OFFSET":[0.0,0.0],"OFFSET_ANGLE":[0],"c_1":[1002.0,580.0],"c_2":[1130.0,406.0],"d_1":[977.0,411.0],"d_2":[833.0,549.0],"l_1":[590.0,503.0],"l_2":[950.0,569.0],"r_1":[1105.0,533.0],"r_2":[584.0,447.0]}